Índice,Valor,Cambio (%),Interpretación
Laspeyres,141.37565226331176,41.375652263311764,Cambio usando cantidades de 2017
Paasche,140.8258137208768,40.825813720876795,Cambio usando cantidades de 2022
Fisher,141.10046516684696,41.10046516684696,Media geométrica de Laspeyres y Paasche
