Medida,Valor (miles USD)
Media agrupada,49980156.46691802
Mediana agrupada,43494843.2950698
Moda agrupada,42725144.99648222
